Row ID,Order ID,Order Date,Ship Date,Ship Mode,Customer ID,Customer Name,Segment,City,State,Country,Postal Code,Market,Region,Product ID,Category,Sub-Category,Product Name,Sales,Quantity,Discount,Profit,Shipping Cost,Order Priority,DeliveryTime,Order_DayOfWeek,DeliverySpeed
21995,IN-2012-18518,2012-10-04,2012-10-09,Standard Class,TT-21070,Ted Trevino,Consumer,Agra,Uttar Pradesh,India,,APAC,Central Asia,FUR-CH-10001207,Furniture,Chairs,"Hon Executive Leather Armchair, Red",2756.34,6,0.0,413.28,369.4,High,5,3,Medium
25831,IN-2012-42220,2012-10-02,2012-10-02,Same Day,ED-13885,Emily Ducich,Home Office,Ho Chi Minh City,Ho Chí Minh City,Vietnam,,APAC,Southeast Asia,FUR-CH-10003232,Furniture,Chairs,"Harbour Creations Executive Leather Armchair, Adjustable",1719.807,5,0.27,117.657,368.44,High,0,1,
26110,IN-2012-45909,2012-10-05,2012-10-09,Standard Class,TB-21190,Thomas Brumley,Home Office,Allahabad,Uttar Pradesh,India,,APAC,Central Asia,TEC-PH-10000030,Technology,Phones,"Samsung Smart Phone, with Caller ID",2544.6,4,0.0,865.08,226.81,Medium,4,4,Medium
20937,IN-2012-28528,2012-10-01,2012-10-07,Standard Class,CA-12775,Cynthia Arntzen,Consumer,Delhi,Delhi,India,,APAC,Central Asia,FUR-TA-10001786,Furniture,Tables,"Chromcraft Computer Table, with Bottom Storage",3547.44,8,0.0,780.24,205.63,Medium,6,0,Medium
21150,IN-2012-70437,2012-10-05,2012-10-08,First Class,BD-11500,Bradley Drucker,Consumer,Jakarta,Jakarta,Indonesia,,APAC,Southeast Asia,TEC-MA-10001627,Technology,Machines,"Konica Printer, White",883.95,4,0.17,234.27,199.66,High,3,4,Fast
18116,ES-2012-1481252,2012-10-01,2012-10-08,Standard Class,JH-16180,Justin Hirsh,Consumer,Orihuela,Valenciana,Spain,,EU,South,TEC-CO-10000967,Technology,Copiers,"HP Fax Machine, Laser",1199.76,4,0.0,479.88,176.12,Low,7,0,Medium
3566,US-2012-129063,2012-10-02,2012-10-04,First Class,AG-10330,Alex Grayson,Consumer,Durango,Durango,Mexico,,LATAM,North,FUR-CH-10000843,Furniture,Chairs,"SAFCO Executive Leather Armchair, Set of Two",741.888,3,0.2,-102.012,142.27,High,2,1,Fast
26615,IN-2012-46336,2012-10-01,2012-10-05,Standard Class,DL-12865,Dan Lawera,Consumer,Kwinana,Western Australia,Australia,,APAC,Oceania,TEC-CO-10000953,Technology,Copiers,"HP Wireless Fax, Laser",972.567,3,0.1,194.427,123.88,High,4,0,Medium
38251,CA-2012-129917,2012-10-02,2012-10-03,First Class,HM-14980,Henry MacAllister,Consumer,Los Angeles,California,United States,90008.0,US,West,TEC-PH-10000369,Technology,Phones,HTC One Mini,503.96,5,0.2,50.396,118.63,High,1,1,Fast
40785,CA-2012-156566,2012-10-01,2012-10-04,First Class,EM-13960,Eric Murdock,Consumer,Portland,Oregon,United States,97206.0,US,West,TEC-PH-10001817,Technology,Phones,Wilson Electronics DB Pro Signal Booster,572.8,2,0.2,50.12,116.14,Medium,3,0,Fast
6569,MX-2012-126326,2012-10-03,2012-10-05,Second Class,RF-19840,Roy Französisch,Consumer,La Ceiba,Atlántida,Honduras,,LATAM,Central,TEC-PH-10004196,Technology,Phones,"Samsung Smart Phone, Cordless",766.8,3,0.4,-421.74,112.53,High,2,2,Fast
30752,ID-2012-83149,2012-10-03,2012-10-10,Standard Class,JB-16045,Julia Barnett,Home Office,Auckland,Auckland,New Zealand,,APAC,Oceania,FUR-BO-10004806,Furniture,Bookcases,"Sauder Classic Bookcase, Metal",1567.62,6,0.4,208.98,107.17,Medium,7,2,Medium
17641,ES-2012-5182504,2012-10-01,2012-10-07,Standard Class,DJ-13420,Denny Joy,Corporate,Bordeaux,Aquitaine,France,,EU,Central,FUR-BO-10004254,Furniture,Bookcases,"Ikea Classic Bookcase, Traditional",1852.875,5,0.1,576.375,106.01,Medium,6,0,Medium
23517,IN-2012-34324,2012-10-03,2012-10-07,Standard Class,RL-19615,Rob Lucas,Consumer,Gorakhpur,Haryana,India,,APAC,Central Asia,TEC-CO-10004998,Technology,Copiers,"HP Fax and Copier, Color",1220.31,7,0.0,512.4,105.66,Medium,4,2,Medium
8221,MX-2012-158988,2012-10-06,2012-10-07,Same Day,JH-15985,Joseph Holt,Consumer,Buenos Aires,Buenos Aires,Argentina,,LATAM,South,TEC-CO-10002586,Technology,Copiers,"Brother Ink, Color",296.4884,5,0.402,-40.7116,100.93,High,1,5,Fast
26115,IN-2012-73006,2012-10-05,2012-10-07,Second Class,KC-16540,Kelly Collister,Consumer,Kupang,Nusa Tenggara Timur,Indonesia,,APAC,Southeast Asia,TEC-MA-10002780,Technology,Machines,"Okidata Inkjet, Wireless",1825.6182,7,0.17,593.7582,100.92,High,2,4,Fast
12621,IT-2012-5301604,2012-10-01,2012-10-05,Standard Class,AO-10810,Anthony O'Donnell,Corporate,Cagliari,Sardinia,Italy,,EU,South,TEC-MA-10001142,Technology,Machines,"Epson Card Printer, Wireless",917.73,9,0.4,-397.71,86.34,Medium,4,0,Medium
15816,IT-2012-5447759,2012-10-05,2012-10-12,Standard Class,LD-16855,Lela Donovan,Corporate,Lausanne,Vaud,Switzerland,,EU,Central,FUR-BO-10003881,Furniture,Bookcases,"Sauder Floating Shelf Set, Mobile",591.3,3,0.0,218.7,86.31,Medium,7,4,Medium
23735,IN-2012-25371,2012-10-06,2012-10-10,Standard Class,HH-15010,Hilary Holden,Corporate,Tokyo,Tokyo,Japan,,APAC,North Asia,TEC-AC-10002533,Technology,Accessories,"Enermax Memory Card, USB",687.6,6,0.0,109.98,78.93,Medium,4,5,Medium
26108,IN-2012-45909,2012-10-05,2012-10-09,Standard Class,TB-21190,Thomas Brumley,Home Office,Allahabad,Uttar Pradesh,India,,APAC,Central Asia,TEC-CO-10003410,Technology,Copiers,"Brother Ink, High-Speed",873.0,6,0.0,384.12,75.29,Medium,4,4,Medium
44477,PL-2012-7400,2012-10-05,2012-10-07,Second Class,MK-7905,Michael Kennedy,Corporate,Gdynia,Pomerania,Poland,,EMEA,EMEA,TEC-MEM-10000374,Technology,Accessories,"Memorex Router, Programmable",495.42,2,0.0,232.8,74.0,High,2,4,Fast
3403,MX-2012-116470,2012-10-02,2012-10-05,First Class,SW-20245,Scot Wooten,Consumer,Guantánamo,Guantánamo,Cuba,,LATAM,Caribbean,FUR-BO-10003106,Furniture,Bookcases,"Sauder Corner Shelving, Metal",391.36,4,0.0,74.32,73.24,Medium,3,1,Fast
10675,IT-2012-5883185,2012-10-04,2012-10-04,Same Day,KC-16540,Kelly Collister,Consumer,Palma de Mallorca,Balearic Islands,Spain,,EU,South,TEC-MA-10003923,Technology,Machines,"Okidata Receipt Printer, Durable",332.181,3,0.1,-22.149,71.73,Medium,0,3,
50336,SA-2012-6160,2012-10-02,2012-10-07,Standard Class,YS-11880,Yana Sorensen,Corporate,Riyadh,Ar Riyad,Saudi Arabia,,EMEA,EMEA,FUR-HAR-10000100,Furniture,Chairs,"Harbour Creations Swivel Stool, Adjustable",730.44,4,0.0,204.48,70.52,High,5,1,Medium
23734,IN-2012-25371,2012-10-06,2012-10-10,Standard Class,HH-15010,Hilary Holden,Corporate,Tokyo,Tokyo,Japan,,APAC,North Asia,TEC-CO-10003506,Technology,Copiers,"HP Fax Machine, Laser",1199.76,4,0.0,395.88,67.17,Medium,4,5,Medium
9024,MX-2012-101854,2012-10-05,2012-10-09,Standard Class,BN-11515,Bradley Nguyen,Consumer,Santiago de Cuba,Santiago de Cuba,Cuba,,LATAM,Caribbean,TEC-CO-10004589,Technology,Copiers,"Canon Wireless Fax, High-Speed",1002.95008,4,0.002,168.79008,66.94,Medium,4,4,Medium
30751,ID-2012-83149,2012-10-03,2012-10-10,Standard Class,JB-16045,Julia Barnett,Home Office,Auckland,Auckland,New Zealand,,APAC,Oceania,TEC-PH-10002094,Technology,Phones,"Nokia Smart Phone, with Caller ID",766.692,2,0.4,-178.908,65.81,Medium,7,2,Medium
14086,ES-2012-4934724,2012-10-04,2012-10-10,Standard Class,ZC-21910,Zuschuss Carroll,Consumer,Paris,Ile-de-France,France,,EU,Central,FUR-CH-10003365,Furniture,Chairs,"Office Star Executive Leather Armchair, Adjustable",837.0,2,0.1,288.3,62.04,Medium,6,3,Medium
9023,MX-2012-101854,2012-10-05,2012-10-09,Standard Class,BN-11515,Bradley Nguyen,Consumer,Santiago de Cuba,Santiago de Cuba,Cuba,,LATAM,Caribbean,FUR-TA-10004840,Furniture,Tables,"Hon Conference Table, Adjustable Height",1847.34,3,0.0,406.38,57.17,Medium,4,4,Medium
30907,IN-2012-82211,2012-10-04,2012-10-08,Standard Class,NG-18430,Nathan Gelder,Consumer,Wollongong,New South Wales,Australia,,APAC,Oceania,TEC-MA-10004168,Technology,Machines,"Panasonic Card Printer, Wireless",695.28,4,0.0,201.6,56.13,Medium,4,3,Medium
28782,IN-2012-45979,2012-10-03,2012-10-09,Standard Class,PF-19165,Philip Fox,Consumer,Lucknow,Uttar Pradesh,India,,APAC,Central Asia,TEC-PH-10003481,Technology,Phones,"Apple Office Telephone, Full Size",532.56,8,0.0,85.2,54.94,Medium,6,2,Medium
19032,ES-2012-3631542,2012-10-04,2012-10-10,Standard Class,RD-19480,Rick Duston,Consumer,Marseille,Provence-Alpes-Côte d'Azur,France,,EU,Central,FUR-TA-10003179,Furniture,Tables,"Chromcraft Round Table, Adjustable Height",915.1155,3,0.35,-98.5545,53.94,Medium,6,3,Medium
28634,IN-2012-11812,2012-10-05,2012-10-09,Standard Class,AD-10180,Alan Dominguez,Home Office,Perth,Western Australia,Australia,,APAC,Oceania,TEC-CO-10001410,Technology,Copiers,"Canon Personal Copier, High-Speed",887.922,7,0.1,-69.258,52.85,Medium,4,4,Medium
9027,MX-2012-101854,2012-10-05,2012-10-09,Standard Class,BN-11515,Bradley Nguyen,Consumer,Santiago de Cuba,Santiago de Cuba,Cuba,,LATAM,Caribbean,OFF-ST-10002930,Office Supplies,Storage,"Eldon Lockers, Industrial",661.3,5,0.0,218.2,52.61,Medium,4,4,Medium
29290,IN-2012-61295,2012-10-04,2012-10-07,Second Class,MK-17905,Michael Kennedy,Corporate,Ho Chi Minh City,Ho Chí Minh City,Vietnam,,APAC,Southeast Asia,OFF-SU-10001407,Office Supplies,Supplies,"Fiskars Trimmer, Easy Grip",328.0824,9,0.17,23.5224,50.27,Medium,3,3,Fast
15813,IT-2012-5447759,2012-10-05,2012-10-12,Standard Class,LD-16855,Lela Donovan,Corporate,Lausanne,Vaud,Switzerland,,EU,Central,OFF-AR-10001291,Office Supplies,Art,"Sanford Canvas, Fluorescent",414.24,8,0.0,153.12,49.4,Medium,7,4,Medium
1082,MX-2012-104031,2012-10-03,2012-10-08,Second Class,EM-14095,Eudokia Martin,Corporate,Garza García,Nuevo León,Mexico,,LATAM,North,OFF-BI-10003709,Office Supplies,Binders,"Wilson Jones Binding Machine, Durable",403.68,12,0.0,36.24,44.15,Medium,5,2,Medium
24596,IN-2012-31608,2012-10-03,2012-10-07,Standard Class,BP-11290,Beth Paige,Consumer,Sydney,New South Wales,Australia,,APAC,Oceania,TEC-MA-10001372,Technology,Machines,"Konica Card Printer, White",312.444,2,0.1,104.124,42.8,High,4,2,Medium
30668,ID-2012-84591,2012-10-01,2012-10-03,First Class,BS-11590,Brendan Sweed,Corporate,Auckland,Auckland,New Zealand,,APAC,Oceania,OFF-AP-10003850,Office Supplies,Appliances,"Hoover Blender, White",235.008,4,0.4,-86.232,40.02,High,2,0,Fast
6222,MX-2012-151610,2012-10-03,2012-10-03,Same Day,AF-10885,Art Foster,Consumer,Santo Domingo,Santo Domingo,Dominican Republic,,LATAM,Caribbean,FUR-CH-10003844,Furniture,Chairs,"Office Star Rocking Chair, Black",147.712,2,0.2,12.912,39.84,Critical,0,2,
30672,ID-2012-84591,2012-10-01,2012-10-03,First Class,BS-11590,Brendan Sweed,Corporate,Auckland,Auckland,New Zealand,,APAC,Oceania,OFF-ST-10001173,Office Supplies,Storage,"Eldon Trays, Industrial",116.28,4,0.4,-77.52,38.61,High,2,0,Fast
5959,MX-2012-104423,2012-10-05,2012-10-08,First Class,RB-19360,Raymond Buch,Consumer,Coyoacán,Distrito Federal,Mexico,,LATAM,North,OFF-SU-10004361,Office Supplies,Supplies,"Kleencut Trimmer, High Speed",82.86,3,0.0,16.56,37.3,Critical,3,4,Fast
21994,IN-2012-18518,2012-10-04,2012-10-09,Standard Class,TT-21070,Ted Trevino,Consumer,Agra,Uttar Pradesh,India,,APAC,Central Asia,OFF-AR-10002109,Office Supplies,Art,"Binney & Smith Sketch Pad, Fluorescent",285.48,6,0.0,79.92,35.94,High,5,3,Medium
29289,IN-2012-61295,2012-10-04,2012-10-07,Second Class,MK-17905,Michael Kennedy,Corporate,Ho Chi Minh City,Ho Chí Minh City,Vietnam,,APAC,Southeast Asia,TEC-PH-10004261,Technology,Phones,"Nokia Signal Booster, Full Size",343.0971,3,0.17,45.4671,34.96,Medium,3,3,Fast
5961,MX-2012-104423,2012-10-05,2012-10-08,First Class,RB-19360,Raymond Buch,Consumer,Coyoacán,Distrito Federal,Mexico,,LATAM,North,OFF-AP-10003956,Office Supplies,Appliances,"Hoover Toaster, Red",167.28,3,0.0,10.02,34.96,Critical,3,4,Fast
8811,MX-2012-129560,2012-10-01,2012-10-06,Standard Class,SC-20230,Scot Coram,Corporate,Hidalgo,Michoacán,Mexico,,LATAM,North,TEC-PH-10002780,Technology,Phones,"Motorola Smart Phone, Cordless",428.52,1,0.0,175.68,34.8,Medium,5,0,Medium
28628,ID-2012-12953,2012-10-03,2012-10-07,Standard Class,DP-13105,Dave Poirier,Corporate,Newcastle,New South Wales,Australia,,APAC,Oceania,OFF-ST-10004837,Office Supplies,Storage,"Eldon File Cart, Single Width",690.768,6,0.1,-30.852,34.47,Medium,4,2,Medium
4160,MX-2012-129483,2012-10-01,2012-10-07,Standard Class,SC-20770,Stewart Carmichael,Corporate,Bogotá,Bogota,Colombia,,LATAM,South,OFF-ST-10003858,Office Supplies,Storage,"Fellowes File Cart, Single Width",183.12,2,0.0,21.96,33.04,Low,6,0,Medium
8218,MX-2012-158988,2012-10-06,2012-10-07,Same Day,JH-15985,Joseph Holt,Consumer,Buenos Aires,Buenos Aires,Argentina,,LATAM,South,TEC-AC-10002219,Technology,Accessories,"SanDisk Memory Card, Programmable",273.384,6,0.4,27.264,32.75,High,1,5,Fast
7754,MX-2012-168711,2012-10-02,2012-10-05,First Class,JK-15370,Jay Kimmel,Consumer,Guadalajara,Jalisco,Mexico,,LATAM,North,TEC-AC-10001491,Technology,Accessories,"Enermax Flash Drive, Bluetooth",138.4,5,0.0,4.1,32.72,High,3,1,Fast
18206,IT-2012-5084286,2012-10-06,2012-10-10,Standard Class,JH-16180,Justin Hirsh,Consumer,Foggia,Apulia,Italy,,EU,South,FUR-TA-10004817,Furniture,Tables,"Lesro Coffee Table, with Bottom Storage",504.0,4,0.5,-272.16,31.14,Medium,4,5,Medium
24152,IN-2012-60161,2012-10-05,2012-10-09,Standard Class,AA-10480,Andrew Allen,Consumer,Surabaya,Jawa Timur,Indonesia,,APAC,Southeast Asia,OFF-ST-10002834,Office Supplies,Storage,"Smead File Cart, Single Width",427.8816,4,0.17,20.6016,30.83,Medium,4,4,Medium
21996,IN-2012-18518,2012-10-04,2012-10-09,Standard Class,TT-21070,Ted Trevino,Consumer,Agra,Uttar Pradesh,India,,APAC,Central Asia,OFF-AR-10004900,Office Supplies,Art,"Boston Canvas, Easy-Erase",269.55,5,0.0,51.15,30.39,High,5,3,Medium
8222,MX-2012-158988,2012-10-06,2012-10-07,Same Day,JH-15985,Joseph Holt,Consumer,Buenos Aires,Buenos Aires,Argentina,,LATAM,South,OFF-ST-10004185,Office Supplies,Storage,"Fellowes Trays, Single Width",114.84,5,0.4,-65.16,30.26,High,1,5,Fast
25178,IN-2012-36669,2012-10-05,2012-10-05,Same Day,SW-20275,Scott Williamson,Consumer,Darwin,Northern Territory,Australia,,APAC,Oceania,OFF-ST-10004346,Office Supplies,Storage,"Tenex Shelving, Single Width",147.663,3,0.1,4.833,30.15,High,0,4,
35199,US-2012-119312,2012-10-02,2012-10-07,Second Class,CS-12400,Christopher Schild,Home Office,Los Angeles,California,United States,90045.0,US,West,OFF-ST-10000943,Office Supplies,Storage,Eldon ProFile File 'N Store Portable File Tub Letter/Legal Size Black,270.34,14,0.0,75.6952,29.13,Medium,5,1,Medium
1067,MX-2012-107979,2012-10-03,2012-10-06,First Class,SE-20110,Sanjit Engle,Consumer,Bogotá,Bogota,Colombia,,LATAM,South,TEC-MA-10001922,Technology,Machines,"Konica Calculator, Wireless",137.68,4,0.0,46.8,29.11,Medium,3,2,Fast
2031,MX-2012-169894,2012-10-05,2012-10-11,Standard Class,KD-16495,Keith Dawkins,Corporate,La Paz,Baja California Sur,Mexico,,LATAM,North,TEC-PH-10001917,Technology,Phones,"Motorola Speaker Phone, Full Size",524.28,6,0.0,10.44,29.04,Medium,6,4,Medium
14408,IT-2012-3552210,2012-10-01,2012-10-03,First Class,MT-17815,Meg Tillman,Consumer,Dublin,Dublin,Ireland,,EU,North,OFF-EN-10004895,Office Supplies,Envelopes,"Kraft Mailers, Security-Tint",100.125,5,0.5,-90.225,28.54,High,2,0,Fast
40065,CA-2012-151722,2012-10-05,2012-10-09,Standard Class,IL-15100,Ivan Liston,Consumer,Columbus,Ohio,United States,43229.0,US,East,TEC-AC-10000892,Technology,Accessories,NETGEAR N750 Dual Band Wi-Fi Gigabit Router,288.0,4,0.2,57.6,27.89,Medium,4,4,Medium
3594,MX-2012-111759,2012-10-03,2012-10-09,Standard Class,RS-19420,Ricardo Sperren,Corporate,San Salvador,San Salvador,El Salvador,,LATAM,Central,TEC-MA-10001859,Technology,Machines,"Okidata Printer, Wireless",358.0,2,0.0,110.96,27.74,Low,6,2,Medium
25537,ID-2012-37740,2012-10-01,2012-10-02,First Class,PB-18805,Patrick Bzostek,Home Office,Hanoi,Th? Dô Hà N?i,Vietnam,,APAC,Southeast Asia,OFF-SU-10002152,Office Supplies,Supplies,"Fiskars Shears, Serrated",184.011,5,0.17,-33.339,27.15,Medium,1,0,Fast
18115,ES-2012-1481252,2012-10-01,2012-10-08,Standard Class,JH-16180,Justin Hirsh,Consumer,Orihuela,Valenciana,Spain,,EU,South,FUR-CH-10001663,Furniture,Chairs,"SAFCO Chairmat, Set of Two",148.968,3,0.2,33.498,27.03,Low,7,0,Medium
10676,IT-2012-5883185,2012-10-04,2012-10-04,Same Day,KC-16540,Kelly Collister,Consumer,Palma de Mallorca,Balearic Islands,Spain,,EU,South,TEC-AC-10001402,Technology,Accessories,"Memorex Numeric Keypad, Bluetooth",136.26,3,0.0,51.75,26.81,Medium,0,3,
29695,IN-2012-23089,2012-10-01,2012-10-08,Standard Class,XP-21865,Xylona Preis,Consumer,Shanwei,Guangdong,China,,APAC,North Asia,TEC-MA-10003330,Technology,Machines,"Panasonic Receipt Printer, Wireless",604.5,5,0.0,36.15,25.24,Medium,7,0,Medium
23739,IN-2012-25371,2012-10-06,2012-10-10,Standard Class,HH-15010,Hilary Holden,Corporate,Tokyo,Tokyo,Japan,,APAC,North Asia,TEC-AC-10003217,Technology,Accessories,"Enermax Keyboard, USB",251.01,3,0.0,62.73,24.89,Medium,4,5,Medium
26109,IN-2012-45909,2012-10-05,2012-10-09,Standard Class,TB-21190,Thomas Brumley,Home Office,Allahabad,Uttar Pradesh,India,,APAC,Central Asia,OFF-ST-10003206,Office Supplies,Storage,"Eldon Shelving, Blue",290.52,6,0.0,136.44,24.09,Medium,4,4,Medium
23514,ID-2012-40176,2012-10-01,2012-10-05,Standard Class,HM-14860,Harry Marie,Corporate,Manila,National Capital,Philippines,,APAC,Southeast Asia,FUR-BO-10002736,Furniture,Bookcases,"Sauder Stackable Bookrack, Mobile",286.299,3,0.35,-83.691,23.1,Medium,4,0,Medium
22631,IN-2012-44509,2012-10-05,2012-10-07,Second Class,JW-15955,Joni Wasserman,Consumer,Sakai,Osaka,Japan,,APAC,North Asia,FUR-BO-10001753,Furniture,Bookcases,"Dania Stackable Bookrack, Traditional",121.05,2,0.5,-14.55,23.09,High,2,4,Fast
4281,MX-2012-147613,2012-10-05,2012-10-11,Standard Class,EM-13810,Eleni McCrary,Corporate,Presidente Prudente,São Paulo,Brazil,,LATAM,South,OFF-AR-10002605,Office Supplies,Art,"Sanford Sketch Pad, Fluorescent",311.6,10,0.0,102.8,22.75,Low,6,4,Medium
22279,IN-2012-18434,2012-10-05,2012-10-08,Second Class,CR-12625,Corey Roper,Home Office,Yichun,Jiangxi,China,,APAC,North Asia,OFF-BI-10004589,Office Supplies,Binders,"Avery Binding Machine, Economy",97.68,2,0.0,13.62,22.12,Critical,3,4,Fast
15919,ES-2012-3798841,2012-10-04,2012-10-06,Second Class,HP-14815,Harold Pawlan,Home Office,Boulogne-Billancourt,Ile-de-France,France,,EU,Central,OFF-AR-10001291,Office Supplies,Art,"Sanford Canvas, Fluorescent",207.12,4,0.0,76.56,21.85,Medium,2,3,Fast
18204,IT-2012-5084286,2012-10-06,2012-10-10,Standard Class,JH-16180,Justin Hirsh,Consumer,Foggia,Apulia,Italy,,EU,South,OFF-AR-10001002,Office Supplies,Art,"BIC Sketch Pad, Fluorescent",249.6,5,0.0,82.35,21.85,Medium,4,5,Medium
24968,IN-2012-77430,2012-10-01,2012-10-06,Standard Class,TH-21115,Thea Hudgings,Corporate,Bunbury,Western Australia,Australia,,APAC,Oceania,TEC-AC-10004897,Technology,Accessories,"Logitech Keyboard, Programmable",133.11,2,0.1,20.67,21.68,High,5,0,Medium
31932,CA-2012-168004,2012-10-04,2012-10-09,Second Class,DJ-13420,Denny Joy,Corporate,Warner Robins,Georgia,United States,31088.0,US,South,FUR-CH-10001482,Furniture,Chairs,Office Star - Mesh Screen back chair with Vinyl seat,392.94,3,0.0,43.2234,20.77,Medium,5,3,Medium
25828,IN-2012-42220,2012-10-02,2012-10-02,Same Day,ED-13885,Emily Ducich,Home Office,Ho Chi Minh City,Ho Chí Minh City,Vietnam,,APAC,Southeast Asia,OFF-SU-10002027,Office Supplies,Supplies,"Stiletto Letter Opener, High Speed",115.287,5,0.17,17.937,20.49,High,0,1,
25538,ID-2012-37740,2012-10-01,2012-10-02,First Class,PB-18805,Patrick Bzostek,Home Office,Hanoi,Th? Dô Hà N?i,Vietnam,,APAC,Southeast Asia,OFF-SU-10003789,Office Supplies,Supplies,"Fiskars Box Cutter, Steel",115.9344,4,0.17,32.0544,20.14,Medium,1,0,Fast
8107,MX-2012-110730,2012-10-02,2012-10-06,Second Class,CV-12295,Christina VanderZanden,Consumer,Tlalnepantla,México,Mexico,,LATAM,North,OFF-FA-10004931,Office Supplies,Fasteners,"OIC Clamps, Bulk Pack",118.62,9,0.0,5.76,19.7,High,4,1,Medium
45538,TU-2012-8280,2012-10-04,2012-10-09,Standard Class,JS-5595,Jill Stevenson,Corporate,Istanbul,Istanbul,Turkey,,EMEA,EMEA,OFF-HAM-10004122,Office Supplies,Appliances,"Hamilton Beach Microwave, Silver",226.608,2,0.6,-322.932,19.09,Medium,5,3,Medium
26329,IN-2012-70836,2012-10-03,2012-10-08,Second Class,AR-10540,Andy Reiter,Consumer,Baranagar,West Bengal,India,,APAC,Central Asia,TEC-AC-10004562,Technology,Accessories,"Enermax Flash Drive, Programmable",172.08,4,0.0,6.84,18.23,High,5,2,Medium
37564,CA-2012-115392,2012-10-01,2012-10-04,Second Class,RM-19675,Robert Marley,Home Office,Cambridge,Massachusetts,United States,2138.0,US,East,TEC-PH-10002496,Technology,Phones,Cisco SPA301,311.98,2,0.0,93.594,17.74,Medium,3,0,Fast
37523,CA-2012-133445,2012-10-05,2012-10-09,Standard Class,JF-15490,Jeremy Farry,Consumer,Portland,Oregon,United States,97206.0,US,West,FUR-CH-10000422,Furniture,Chairs,Global Highback Leather Tilter in Burgundy,291.168,4,0.2,-14.5584,17.42,High,4,4,Medium
28629,ID-2012-12953,2012-10-03,2012-10-07,Standard Class,DP-13105,Dave Poirier,Corporate,Newcastle,New South Wales,Australia,,APAC,Oceania,OFF-SU-10001618,Office Supplies,Supplies,"Kleencut Letter Opener, Easy Grip",129.06,5,0.1,37.26,16.09,Medium,4,2,Medium
28631,IN-2012-11812,2012-10-05,2012-10-09,Standard Class,AD-10180,Alan Dominguez,Home Office,Perth,Western Australia,Australia,,APAC,Oceania,TEC-PH-10003488,Technology,Phones,"Nokia Signal Booster, VoIP",245.862,2,0.1,19.122,15.18,Medium,4,4,Medium
4312,MX-2012-144337,2012-10-02,2012-10-06,Standard Class,KT-16465,Kean Takahito,Consumer,Amatitlán,Guatemala,Guatemala,,LATAM,Central,FUR-FU-10001480,Furniture,Furnishings,"Advantus Door Stop, Black",120.08,4,0.0,39.6,14.81,High,4,1,Medium
14687,ES-2012-3539223,2012-10-02,2012-10-07,Standard Class,SL-20155,Sara Luxemburg,Home Office,Les Ulis,Ile-de-France,France,,EU,Central,TEC-AC-10004520,Technology,Accessories,"Memorex Flash Drive, Bluetooth",88.2,3,0.0,18.45,14.53,High,5,1,Medium
1065,MX-2012-107979,2012-10-03,2012-10-06,First Class,SE-20110,Sanjit Engle,Consumer,Bogotá,Bogota,Colombia,,LATAM,South,OFF-SU-10003701,Office Supplies,Supplies,"Stiletto Ruler, Easy Grip",77.0,7,0.0,6.16,14.45,Medium,3,2,Fast
711,MX-2012-104458,2012-10-03,2012-10-08,Standard Class,BS-11380,Bill Stewart,Corporate,Puebla,Puebla,Mexico,,LATAM,North,FUR-FU-10000850,Furniture,Furnishings,"Rubbermaid Clock, Black",140.448,7,0.4,21.028,13.71,Medium,5,2,Medium
28942,IN-2012-61022,2012-10-02,2012-10-05,Second Class,MJ-17740,Max Jones,Consumer,Melbourne,Victoria,Australia,,APAC,Oceania,TEC-AC-10002996,Technology,Accessories,"Enermax Mouse, Erganomic",102.87,3,0.1,27.36,13.45,High,3,1,Fast
47847,TU-2012-3230,2012-10-04,2012-10-11,Standard Class,NF-8475,Neil Französisch,Home Office,Izmir,Izmir,Turkey,,EMEA,EMEA,OFF-GLO-10004430,Office Supplies,Envelopes,"GlobeWeis Business Envelopes, Recycled",77.472,12,0.6,-31.248,13.27,Low,7,3,Medium
45992,CA-2012-2740,2012-10-02,2012-10-07,Standard Class,NF-8475,Neil Französisch,Home Office,Calgary,Alberta,Canada,,Canada,Canada,OFF-FEL-10001541,Office Supplies,Storage,"Fellowes Lockers, Wire Frame",206.4,1,0.0,92.88,13.09,Medium,5,1,Medium
28626,ID-2012-12953,2012-10-03,2012-10-07,Standard Class,DP-13105,Dave Poirier,Corporate,Newcastle,New South Wales,Australia,,APAC,Oceania,FUR-BO-10001668,Furniture,Bookcases,"Ikea Floating Shelf Set, Pine",463.563,3,0.1,-30.987,13.07,Medium,4,2,Medium
29697,IN-2012-23089,2012-10-01,2012-10-08,Standard Class,XP-21865,Xylona Preis,Consumer,Shanwei,Guangdong,China,,APAC,North Asia,OFF-SU-10001535,Office Supplies,Supplies,"Stiletto Trimmer, Easy Grip",177.48,4,0.0,81.6,12.98,Medium,7,0,Medium
20936,IN-2012-28528,2012-10-01,2012-10-07,Standard Class,CA-12775,Cynthia Arntzen,Consumer,Delhi,Delhi,India,,APAC,Central Asia,OFF-AP-10001254,Office Supplies,Appliances,"KitchenAid Coffee Grinder, Red",211.41,3,0.0,82.44,12.12,Medium,6,0,Medium
19321,ES-2012-1159109,2012-10-05,2012-10-09,Standard Class,BN-11515,Bradley Nguyen,Consumer,Munich,Bavaria,Germany,,EU,Central,TEC-MA-10004933,Technology,Machines,"Konica Phone, Wireless",172.38,2,0.0,34.44,11.4,Medium,4,4,Medium
48494,MO-2012-2660,2012-10-01,2012-10-06,Standard Class,CS-1860,Cari Schnelling,Consumer,Casablanca,Grand Casablanca,Morocco,,Africa,Africa,OFF-BRE-10001107,Office Supplies,Appliances,"Breville Stove, Red",561.54,1,0.0,101.07,11.37,Medium,5,0,Medium
42976,CA-2012-2760,2012-10-07,2012-10-09,Second Class,AZ-750,Annie Zypern,Consumer,Ottawa,Ontario,Canada,,Canada,Canada,OFF-ELD-10000124,Office Supplies,Storage,"Eldon Trays, Single Width",96.0,2,0.0,31.68,11.09,High,2,6,Fast
710,MX-2012-104458,2012-10-03,2012-10-08,Standard Class,BS-11380,Bill Stewart,Corporate,Puebla,Puebla,Mexico,,LATAM,North,TEC-PH-10002392,Technology,Phones,"Nokia Signal Booster, Cordless",185.8,2,0.0,79.88,10.95,Medium,5,2,Medium
12620,IT-2012-5301604,2012-10-01,2012-10-05,Standard Class,AO-10810,Anthony O'Donnell,Corporate,Cagliari,Sardinia,Italy,,EU,South,OFF-AR-10000724,Office Supplies,Art,"Boston Pens, Fluorescent",108.36,7,0.0,18.27,10.66,Medium,4,0,Medium
21394,IN-2012-74966,2012-10-02,2012-10-07,Standard Class,NC-18415,Nathan Cano,Consumer,Devonport,Tasmania,Australia,,APAC,Oceania,OFF-BI-10004181,Office Supplies,Binders,"Avery 3-Hole Punch, Clear",122.985,5,0.1,1.335,10.58,Medium,5,1,Medium
45993,CA-2012-2740,2012-10-02,2012-10-07,Standard Class,NF-8475,Neil Französisch,Home Office,Calgary,Alberta,Canada,,Canada,Canada,TEC-CAN-10004697,Technology,Copiers,"Canon Fax and Copier, Digital",190.98,1,0.0,21.0,10.5,Medium,5,1,Medium
23512,ID-2012-40176,2012-10-01,2012-10-05,Standard Class,HM-14860,Harry Marie,Corporate,Manila,National Capital,Philippines,,APAC,Southeast Asia,TEC-MA-10001711,Technology,Machines,"Konica Phone, White",126.9,2,0.25,-1.74,10.39,Medium,4,0,Medium
28627,ID-2012-12953,2012-10-03,2012-10-07,Standard Class,DP-13105,Dave Poirier,Corporate,Newcastle,New South Wales,Australia,,APAC,Oceania,TEC-AC-10004252,Technology,Accessories,"SanDisk Mouse, Bluetooth",137.916,4,0.1,-13.884,10.26,Medium,4,2,Medium
36907,CA-2012-145828,2012-10-05,2012-10-07,First Class,MB-17305,Maria Bertelson,Consumer,Cincinnati,Ohio,United States,45231.0,US,East,TEC-AC-10002323,Technology,Accessories,SanDisk Ultra 32 GB MicroSDHC Class 10 Memory Card,53.04,3,0.2,-4.641,10.21,High,2,4,Fast
30671,ID-2012-84591,2012-10-01,2012-10-03,First Class,BS-11590,Brendan Sweed,Corporate,Auckland,Auckland,New Zealand,,APAC,Oceania,OFF-EN-10002263,Office Supplies,Envelopes,"GlobeWeis Interoffice Envelope, with clear poly window",61.632,2,0.4,-26.748,10.17,High,2,0,Fast
3556,US-2012-121230,2012-10-06,2012-10-12,Standard Class,GW-14605,Giulietta Weimer,Consumer,Tegucigalpa,Francisco Morazán,Honduras,,LATAM,Central,OFF-BI-10003709,Office Supplies,Binders,"Wilson Jones Binding Machine, Durable",141.288,7,0.4,-73.052,10.1,Medium,6,5,Medium
12616,IT-2012-5301604,2012-10-01,2012-10-05,Standard Class,AO-10810,Anthony O'Donnell,Corporate,Cagliari,Sardinia,Italy,,EU,South,TEC-PH-10000641,Technology,Phones,"Motorola Headset, Full Size",97.236,2,0.4,-29.184,10.05,Medium,4,0,Medium
8223,MX-2012-158988,2012-10-06,2012-10-07,Same Day,JH-15985,Joseph Holt,Consumer,Buenos Aires,Buenos Aires,Argentina,,LATAM,South,OFF-AR-10001622,Office Supplies,Art,"BIC Markers, Easy-Erase",42.72,4,0.4,-2.16,9.86,High,1,5,Fast
30669,ID-2012-84591,2012-10-01,2012-10-03,First Class,BS-11590,Brendan Sweed,Corporate,Auckland,Auckland,New Zealand,,APAC,Oceania,OFF-FA-10001957,Office Supplies,Fasteners,"OIC Push Pins, Bulk Pack",53.676,6,0.4,-18.864,9.82,High,2,0,Fast
29291,IN-2012-61295,2012-10-04,2012-10-07,Second Class,MK-17905,Michael Kennedy,Corporate,Ho Chi Minh City,Ho Chí Minh City,Vietnam,,APAC,Southeast Asia,OFF-ST-10004857,Office Supplies,Storage,"Smead Folders, Single Width",87.2496,6,0.17,18.8496,9.79,Medium,3,3,Fast
5786,MX-2012-101154,2012-10-01,2012-10-08,Standard Class,KW-16570,Kelly Williams,Consumer,Santiago de Cuba,Santiago de Cuba,Cuba,,LATAM,Caribbean,OFF-SU-10004650,Office Supplies,Supplies,"Acme Scissors, High Speed",84.8,5,0.0,21.2,9.55,Medium,7,0,Medium
9025,MX-2012-101854,2012-10-05,2012-10-09,Standard Class,BN-11515,Bradley Nguyen,Consumer,Santiago de Cuba,Santiago de Cuba,Cuba,,LATAM,Caribbean,OFF-ST-10001346,Office Supplies,Storage,"Smead File Cart, Industrial",171.2,2,0.0,20.52,9.47,Medium,4,4,Medium
37522,CA-2012-133445,2012-10-05,2012-10-09,Standard Class,JF-15490,Jeremy Farry,Consumer,Portland,Oregon,United States,97206.0,US,West,FUR-BO-10003660,Furniture,Bookcases,"Bush Cubix Collection Bookcases, Fully Assembled",66.294,1,0.7,-103.8606,9.46,High,4,4,Medium
7131,MX-2012-154151,2012-10-02,2012-10-09,Standard Class,JM-15655,Jim Mitchum,Corporate,Bahía Blanca,Provincia de Buenos Aires,Argentina,,LATAM,South,FUR-FU-10000516,Furniture,Furnishings,"Advantus Clock, Duo Pack",102.9,5,0.4,13.7,9.37,Low,7,1,Medium
34371,CA-2012-126137,2012-10-03,2012-10-08,Standard Class,BS-11755,Bruce Stewart,Consumer,Los Angeles,California,United States,90032.0,US,West,FUR-BO-10004409,Furniture,Bookcases,"Safco Value Mate Series Steel Bookcases, Baked Enamel Finish on Steel, Gray",120.666,2,0.15,18.4548,9.32,Medium,5,2,Medium
40040,US-2012-144771,2012-10-02,2012-10-04,First Class,CK-12205,Chloris Kastensmidt,Consumer,Hillsboro,Oregon,United States,97123.0,US,West,TEC-AC-10002323,Technology,Accessories,SanDisk Ultra 32 GB MicroSDHC Class 10 Memory Card,53.04,3,0.2,-4.641,9.06,High,2,1,Fast
25830,IN-2012-42220,2012-10-02,2012-10-02,Same Day,ED-13885,Emily Ducich,Home Office,Ho Chi Minh City,Ho Chí Minh City,Vietnam,,APAC,Southeast Asia,OFF-ST-10000542,Office Supplies,Storage,"Fellowes Folders, Industrial",66.9312,3,0.17,-1.6488,9.0,High,0,1,
47848,TU-2012-3230,2012-10-04,2012-10-11,Standard Class,NF-8475,Neil Französisch,Home Office,Izmir,Izmir,Turkey,,EMEA,EMEA,TEC-HP -10004082,Technology,Copiers,"HP Fax and Copier, Digital",69.012,1,0.6,-17.268,8.8,Low,7,3,Medium
1103,US-2012-142699,2012-10-03,2012-10-07,Second Class,CK-12595,Clytie Kelty,Consumer,Santo Domingo,Santo Domingo,Dominican Republic,,LATAM,Caribbean,OFF-AR-10004594,Office Supplies,Art,"Sanford Canvas, Water Color",57.28,2,0.2,-2.88,8.67,Medium,4,2,Medium
21669,ID-2012-60966,2012-10-01,2012-10-06,Standard Class,JM-15580,Jill Matthias,Consumer,Surabaya,Jawa Timur,Indonesia,,APAC,Southeast Asia,OFF-EN-10000328,Office Supplies,Envelopes,"Kraft Business Envelopes, Set of 50",52.947,5,0.47,-9.003,8.45,High,5,0,Medium
24151,IN-2012-60161,2012-10-05,2012-10-09,Standard Class,AA-10480,Andrew Allen,Consumer,Surabaya,Jawa Timur,Indonesia,,APAC,Southeast Asia,OFF-BI-10004651,Office Supplies,Binders,"Cardinal Binding Machine, Clear",81.7218,2,0.17,28.5018,8.37,Medium,4,4,Medium
23516,IN-2012-34324,2012-10-03,2012-10-07,Standard Class,RL-19615,Rob Lucas,Consumer,Gorakhpur,Haryana,India,,APAC,Central Asia,FUR-FU-10004820,Furniture,Furnishings,"Advantus Photo Frame, Erganomic",103.2,2,0.0,44.34,8.3,Medium,4,2,Medium
33424,CA-2012-134859,2012-10-04,2012-10-09,Standard Class,JK-16120,Julie Kriz,Home Office,Philadelphia,Pennsylvania,United States,19134.0,US,East,FUR-FU-10003623,Furniture,Furnishings,"DataProducts Ampli Magnifier Task Lamp, Black,",64.944,3,0.2,6.4944,8.23,High,5,3,Medium
38250,CA-2012-129917,2012-10-02,2012-10-03,First Class,HM-14980,Henry MacAllister,Consumer,Los Angeles,California,United States,90008.0,US,West,OFF-BI-10004828,Office Supplies,Binders,GBC Poly Designer Binding Covers,53.568,4,0.2,19.4184,8.03,High,1,1,Fast
5960,MX-2012-104423,2012-10-05,2012-10-08,First Class,RB-19360,Raymond Buch,Consumer,Coyoacán,Distrito Federal,Mexico,,LATAM,North,OFF-LA-10003271,Office Supplies,Labels,"Novimex Shipping Labels, Adjustable",29.6,5,0.0,0.2,8.0,Critical,3,4,Fast
8219,MX-2012-158988,2012-10-06,2012-10-07,Same Day,JH-15985,Joseph Holt,Consumer,Buenos Aires,Buenos Aires,Argentina,,LATAM,South,OFF-EN-10001832,Office Supplies,Envelopes,"Ames Mailers, with clear poly window",31.512,2,0.4,-12.088,7.87,High,1,5,Fast
18207,IT-2012-5084286,2012-10-06,2012-10-10,Standard Class,JH-16180,Justin Hirsh,Consumer,Foggia,Apulia,Italy,,EU,South,OFF-AR-10001578,Office Supplies,Art,"Sanford Pencil Sharpener, Fluorescent",77.49,3,0.0,27.09,7.65,Medium,4,5,Medium
23513,ID-2012-40176,2012-10-01,2012-10-05,Standard Class,HM-14860,Harry Marie,Corporate,Manila,National Capital,Philippines,,APAC,Southeast Asia,FUR-CH-10004580,Furniture,Chairs,"Office Star Bag Chairs, Adjustable",217.2375,5,0.25,17.2875,7.53,Medium,4,0,Medium
28783,IN-2012-45979,2012-10-03,2012-10-09,Standard Class,PF-19165,Philip Fox,Consumer,Lucknow,Uttar Pradesh,India,,APAC,Central Asia,OFF-EN-10004053,Office Supplies,Envelopes,"GlobeWeis Manila Envelope, with clear poly window",123.72,4,0.0,33.36,7.45,Medium,6,2,Medium
6162,US-2012-133025,2012-10-03,2012-10-08,Standard Class,BN-11515,Bradley Nguyen,Consumer,Piura,Piura,Peru,,LATAM,South,FUR-BO-10000378,Furniture,Bookcases,"Bush Floating Shelf Set, Pine",276.192,4,0.4,-55.248,7.44,Medium,5,2,Medium
23737,IN-2012-25371,2012-10-06,2012-10-10,Standard Class,HH-15010,Hilary Holden,Corporate,Tokyo,Tokyo,Japan,,APAC,North Asia,OFF-FA-10003817,Office Supplies,Fasteners,"Stockwell Clamps, Metal",113.76,6,0.0,6.66,7.41,Medium,4,5,Medium
3557,US-2012-121230,2012-10-06,2012-10-12,Standard Class,GW-14605,Giulietta Weimer,Consumer,Tegucigalpa,Francisco Morazán,Honduras,,LATAM,Central,OFF-AP-10002344,Office Supplies,Appliances,"Hoover Microwave, Silver",123.756,1,0.4,-20.644,7.17,Medium,6,5,Medium
8559,MX-2012-146311,2012-10-01,2012-10-06,Standard Class,DW-13480,Dianna Wilson,Home Office,Mixco,Guatemala,Guatemala,,LATAM,Central,FUR-FU-10003384,Furniture,Furnishings,"Advantus Photo Frame, Duo Pack",106.08,3,0.0,50.88,7.17,High,5,0,Medium
7254,MX-2012-150476,2012-10-01,2012-10-05,Standard Class,BT-11440,Bobby Trafton,Consumer,León,Guanajuato,Mexico,,LATAM,North,TEC-PH-10000100,Technology,Phones,"Motorola Office Telephone, Full Size",146.1,3,0.0,45.24,7.15,Medium,4,0,Medium
22280,IN-2012-18434,2012-10-05,2012-10-08,Second Class,CR-12625,Corey Roper,Home Office,Yichun,Jiangxi,China,,APAC,North Asia,OFF-BI-10001399,Office Supplies,Binders,"Avery Binder Covers, Clear",31.59,3,0.0,5.31,6.93,Critical,3,4,Fast
6570,MX-2012-126326,2012-10-03,2012-10-05,Second Class,RF-19840,Roy Französisch,Consumer,La Ceiba,Atlántida,Honduras,,LATAM,Central,OFF-ST-10001051,Office Supplies,Storage,"Eldon Shelving, Industrial",58.68,3,0.4,-14.7,6.89,High,2,2,Fast
4161,MX-2012-129483,2012-10-01,2012-10-07,Standard Class,SC-20770,Stewart Carmichael,Corporate,Bogotá,Bogota,Colombia,,LATAM,South,OFF-PA-10004313,Office Supplies,Paper,"Green Bar Computer Printout Paper, 8.5 x 11",67.8,3,0.0,9.48,6.8,Low,6,0,Medium
21695,ID-2012-64655,2012-10-05,2012-10-11,Standard Class,TC-21535,Tracy Collins,Home Office,Bangkok,Bangkok,Thailand,,APAC,Southeast Asia,FUR-BO-10000883,Furniture,Bookcases,"Dania Corner Shelving, Mobile",78.4917,1,0.37,-44.8683,6.71,Medium,6,4,Medium
32740,CA-2012-166135,2012-10-01,2012-10-06,Standard Class,SC-20440,Shaun Chance,Corporate,Aurora,Colorado,United States,80013.0,US,West,OFF-ST-10002974,Office Supplies,Storage,"Trav-L-File Heavy-Duty Shuttle II, Black",139.424,4,0.2,17.428,6.43,Medium,5,0,Medium
24969,IN-2012-77430,2012-10-01,2012-10-06,Standard Class,TH-21115,Thea Hudgings,Corporate,Bunbury,Western Australia,Australia,,APAC,Oceania,OFF-SU-10002306,Office Supplies,Supplies,"Elite Scissors, Steel",59.211,3,0.1,8.541,6.24,High,5,0,Medium
4456,MX-2012-138485,2012-10-04,2012-10-09,Standard Class,MO-17950,Michael Oakman,Consumer,Mexicali,Baja California,Mexico,,LATAM,North,OFF-EN-10002674,Office Supplies,Envelopes,"Cameo Interoffice Envelope, Set of 50",94.86,3,0.0,36.0,6.14,Medium,5,3,Medium
14774,IT-2012-1777951,2012-10-03,2012-10-10,Standard Class,JB-15400,Jennifer Braxton,Corporate,Trier,Rhineland-Palatinate,Germany,,EU,Central,OFF-AR-10003450,Office Supplies,Art,"BIC Markers, Blue",79.29,3,0.0,1.53,5.93,Medium,7,2,Medium
708,MX-2012-104458,2012-10-03,2012-10-08,Standard Class,BS-11380,Bill Stewart,Corporate,Puebla,Puebla,Mexico,,LATAM,North,OFF-PA-10002473,Office Supplies,Paper,"SanDisk Note Cards, Multicolor",113.2,5,0.0,12.4,5.7,Medium,5,2,Medium
25829,IN-2012-42220,2012-10-02,2012-10-02,Same Day,ED-13885,Emily Ducich,Home Office,Ho Chi Minh City,Ho Chí Minh City,Vietnam,,APAC,Southeast Asia,OFF-SU-10002715,Office Supplies,Supplies,"Elite Trimmer, High Speed",34.5861,1,0.17,2.9061,5.6,High,0,1,
7487,MX-2012-149972,2012-10-06,2012-10-08,Second Class,PO-18865,Patrick O'Donnell,Consumer,León,Guanajuato,Mexico,,LATAM,North,OFF-BI-10000423,Office Supplies,Binders,"Acco 3-Hole Punch, Recycled",40.64,2,0.0,4.44,5.55,High,2,5,Fast
15815,IT-2012-5447759,2012-10-05,2012-10-12,Standard Class,LD-16855,Lela Donovan,Corporate,Lausanne,Vaud,Switzerland,,EU,Central,TEC-AC-10003487,Technology,Accessories,"Enermax Mouse, Erganomic",76.2,2,0.0,5.28,5.49,Medium,7,4,Medium
5526,MX-2012-123582,2012-10-05,2012-10-07,Second Class,BP-11050,Barry Pond,Corporate,Mejicanos,San Salvador,El Salvador,,LATAM,Central,OFF-AR-10002824,Office Supplies,Art,"Sanford Markers, Water Color",52.86,3,0.0,13.2,5.47,High,2,4,Fast
47846,TU-2012-3230,2012-10-04,2012-10-11,Standard Class,NF-8475,Neil Französisch,Home Office,Izmir,Izmir,Turkey,,EMEA,EMEA,TEC-LOG-10004419,Technology,Accessories,"Logitech Flash Drive, USB",49.152,4,0.6,-36.888,5.37,Low,7,3,Medium
32596,CA-2012-121391,2012-10-04,2012-10-07,First Class,AA-10315,Alex Avila,Consumer,San Francisco,California,United States,94109.0,US,West,OFF-ST-10001590,Office Supplies,Storage,"Tenex Personal Project File with Scoop Front Design, Black",26.96,2,0.0,7.0096,5.23,Critical,3,3,Fast
23515,IN-2012-34324,2012-10-03,2012-10-07,Standard Class,RL-19615,Rob Lucas,Consumer,Gorakhpur,Haryana,India,,APAC,Central Asia,OFF-PA-10003550,Office Supplies,Paper,"Eaton Cards & Envelopes, Recycled",270.54,6,0.0,40.5,5.19,Medium,4,2,Medium
14409,IT-2012-3552210,2012-10-01,2012-10-03,First Class,MT-17815,Meg Tillman,Consumer,Dublin,Dublin,Ireland,,EU,North,OFF-FA-10003818,Office Supplies,Fasteners,"Stockwell Staples, 12 Pack",34.44,7,0.5,-9.03,5.17,High,2,0,Fast
12622,IT-2012-5301604,2012-10-01,2012-10-05,Standard Class,AO-10810,Anthony O'Donnell,Corporate,Cagliari,Sardinia,Italy,,EU,South,OFF-AR-10001606,Office Supplies,Art,"BIC Highlighters, Fluorescent",80.76,4,0.0,26.64,5.09,Medium,4,0,Medium
709,MX-2012-104458,2012-10-03,2012-10-08,Standard Class,BS-11380,Bill Stewart,Corporate,Puebla,Puebla,Mexico,,LATAM,North,OFF-ST-10004930,Office Supplies,Storage,"Tenex Trays, Single Width",108.48,3,0.0,21.66,5.02,Medium,5,2,Medium
12617,IT-2012-5301604,2012-10-01,2012-10-05,Standard Class,AO-10810,Anthony O'Donnell,Corporate,Cagliari,Sardinia,Italy,,EU,South,OFF-LA-10004744,Office Supplies,Labels,"Smead Shipping Labels, Alphabetical",57.15,5,0.0,13.65,5.01,Medium,4,0,Medium
34516,US-2012-137008,2012-10-02,2012-10-08,Standard Class,JP-15460,Jennifer Patt,Corporate,Lakewood,New Jersey,United States,8701.0,US,East,OFF-PA-10001295,Office Supplies,Paper,Computer Printout Paper with Letter-Trim Perforations,94.85,5,0.0,45.528,4.9,Medium,6,1,Medium
40332,CA-2012-148873,2012-10-01,2012-10-05,Standard Class,EM-13960,Eric Murdock,Consumer,Quincy,Illinois,United States,62301.0,US,Central,TEC-AC-10003657,Technology,Accessories,Lenovo 17-Key USB Numeric Keypad,108.768,4,0.2,2.7192,4.85,High,4,0,Medium
22654,IN-2012-74742,2012-10-06,2012-10-11,Standard Class,OT-18730,Olvera Toch,Consumer,Kathmandu,Central,Nepal,,APAC,Central Asia,OFF-LA-10002630,Office Supplies,Labels,"Novimex Legal Exhibit Labels, Laser Printer Compatible",52.35,5,0.0,7.8,4.8,Medium,5,5,Medium
32224,CA-2012-115091,2012-10-05,2012-10-09,Standard Class,JJ-15760,Joel Jenkins,Home Office,Springfield,Virginia,United States,22153.0,US,South,OFF-AR-10000658,Office Supplies,Art,Newell 324,46.2,4,0.0,12.936,4.65,Medium,4,4,Medium
15814,IT-2012-5447759,2012-10-05,2012-10-12,Standard Class,LD-16855,Lela Donovan,Corporate,Lausanne,Vaud,Switzerland,,EU,Central,OFF-ST-10001562,Office Supplies,Storage,"Fellowes Box, Industrial",60.48,3,0.0,2.97,4.58,Medium,7,4,Medium
22278,IN-2012-18434,2012-10-05,2012-10-08,Second Class,CR-12625,Corey Roper,Home Office,Yichun,Jiangxi,China,,APAC,North Asia,OFF-EN-10000387,Office Supplies,Envelopes,"Kraft Clasp Envelope, Recycled",15.6,2,0.0,6.54,4.52,Critical,3,4,Fast
23736,IN-2012-25371,2012-10-06,2012-10-10,Standard Class,HH-15010,Hilary Holden,Corporate,Tokyo,Tokyo,Japan,,APAC,North Asia,OFF-FA-10004910,Office Supplies,Fasteners,"Advantus Staples, Assorted Sizes",74.79,9,0.0,5.13,4.52,Medium,4,5,Medium
45539,TU-2012-8280,2012-10-04,2012-10-09,Standard Class,JS-5595,Jill Stevenson,Corporate,Istanbul,Istanbul,Turkey,,EMEA,EMEA,TEC-HEW-10003695,Technology,Copiers,"Hewlett Wireless Fax, Digital",151.932,1,0.6,-182.328,4.5,Medium,5,3,Medium
9894,US-2012-169222,2012-10-02,2012-10-07,Standard Class,TB-21400,Tom Boeckenhauer,Consumer,La Chorrera,Panama,Panama,,LATAM,Central,FUR-CH-10004652,Furniture,Chairs,"Hon Bag Chairs, Black",51.264,3,0.4,-12.816,4.37,Medium,5,1,Medium
35918,CA-2012-161214,2012-10-05,2012-10-08,Second Class,SF-20965,Sylvia Foulston,Corporate,Wilmington,Delaware,United States,19805.0,US,East,OFF-ST-10001328,Office Supplies,Storage,"Personal Filing Tote with Lid, Black/Gray",77.55,5,0.0,21.714,4.27,Medium,3,4,Fast
6568,MX-2012-126326,2012-10-03,2012-10-05,Second Class,RF-19840,Roy Französisch,Consumer,La Ceiba,Atlántida,Honduras,,LATAM,Central,OFF-EN-10000061,Office Supplies,Envelopes,"Cameo Business Envelopes, Set of 50",24.588,3,0.4,2.448,4.25,High,2,2,Fast
24928,IN-2012-24867,2012-10-06,2012-10-10,Second Class,PB-19210,Phillip Breyer,Corporate,Depok,Jawa Barat,Indonesia,,APAC,Southeast Asia,OFF-AR-10003461,Office Supplies,Art,"Stanley Pencil Sharpener, Easy-Erase",38.0184,2,0.27,10.8984,4.2,Medium,4,5,Medium
44914,BU-2012-9500,2012-10-05,2012-10-10,Standard Class,JD-5790,John Dryer,Consumer,Pleven,Pleven,Bulgaria,,EMEA,EMEA,OFF-FEL-10004224,Office Supplies,Storage,"Fellowes Trays, Wire Frame",56.46,1,0.0,14.1,4.02,Medium,5,4,Medium
45540,TU-2012-8280,2012-10-04,2012-10-09,Standard Class,JS-5595,Jill Stevenson,Corporate,Istanbul,Istanbul,Turkey,,EMEA,EMEA,TEC-HEW-10001558,Technology,Copiers,"Hewlett Personal Copier, High-Speed",56.988,1,0.6,-41.322,3.88,Medium,5,3,Medium
45991,CA-2012-2740,2012-10-02,2012-10-07,Standard Class,NF-8475,Neil Französisch,Home Office,Calgary,Alberta,Canada,,Canada,Canada,OFF-KLE-10004112,Office Supplies,Supplies,"Kleencut Trimmer, Serrated",76.26,2,0.0,20.58,3.72,Medium,5,1,Medium
44478,PL-2012-7400,2012-10-05,2012-10-07,Second Class,MK-7905,Michael Kennedy,Corporate,Gdynia,Pomerania,Poland,,EMEA,EMEA,OFF-FIS-10002949,Office Supplies,Supplies,"Fiskars Ruler, High Speed",14.43,1,0.0,0.12,3.63,High,2,4,Fast
45810,SF-2012-6720,2012-10-05,2012-10-07,Second Class,MC-7575,Matt Collins,Consumer,Pretoria,Gauteng,South Africa,,Africa,Africa,OFF-GRE-10002510,Office Supplies,Paper,"Green Bar Computer Printout Paper, Recycled",29.67,1,0.0,2.67,3.62,High,2,4,Fast
20938,IN-2012-28528,2012-10-01,2012-10-07,Standard Class,CA-12775,Cynthia Arntzen,Consumer,Delhi,Delhi,India,,APAC,Central Asia,OFF-PA-10004930,Office Supplies,Paper,"Xerox Note Cards, Recycled",131.4,5,0.0,55.05,3.58,Medium,6,0,Medium
1077,MX-2012-126851,2012-10-04,2012-10-10,Standard Class,KM-16720,Kunst Miller,Consumer,Quetzaltenango,Quezaltenango,Guatemala,,LATAM,Central,FUR-FU-10000350,Furniture,Furnishings,"Rubbermaid Light Bulb, Duo Pack",50.4,4,0.0,21.6,3.46,Medium,6,3,Medium
6009,MX-2012-149531,2012-10-04,2012-10-09,Standard Class,CL-11890,Carl Ludwig,Consumer,Mexico City,Distrito Federal,Mexico,,LATAM,North,OFF-AR-10001812,Office Supplies,Art,"Binney & Smith Markers, Easy-Erase",48.72,3,0.0,23.34,3.34,Medium,5,3,Medium
44221,TU-2012-2150,2012-10-03,2012-10-06,First Class,MV-7485,Mark Van Huff,Consumer,Konya,Konya,Turkey,,EMEA,EMEA,OFF-ELD-10001037,Office Supplies,Storage,"Eldon Trays, Wire Frame",18.816,1,0.6,-9.894,3.33,Critical,3,2,Fast
1066,MX-2012-107979,2012-10-03,2012-10-06,First Class,SE-20110,Sanjit Engle,Consumer,Bogotá,Bogota,Colombia,,LATAM,South,OFF-FA-10002526,Office Supplies,Fasteners,"Accos Staples, 12 Pack",20.76,3,0.0,9.54,3.3,Medium,3,2,Fast
30670,ID-2012-84591,2012-10-01,2012-10-03,First Class,BS-11590,Brendan Sweed,Corporate,Auckland,Auckland,New Zealand,,APAC,Oceania,FUR-FU-10003552,Furniture,Furnishings,"Tenex Door Stop, Duo Pack",52.74,2,0.4,-21.12,3.18,High,2,0,Fast
12619,IT-2012-5301604,2012-10-01,2012-10-05,Standard Class,AO-10810,Anthony O'Donnell,Corporate,Cagliari,Sardinia,Italy,,EU,South,OFF-FA-10000191,Office Supplies,Fasteners,"Stockwell Rubber Bands, 12 Pack",62.28,4,0.0,18.6,3.09,Medium,4,0,Medium
39093,US-2012-145121,2012-10-02,2012-10-06,Standard Class,MP-17965,Michael Paige,Corporate,Middletown,Connecticut,United States,6457.0,US,East,OFF-BI-10001078,Office Supplies,Binders,"Acco PRESSTEX Data Binder with Storage Hooks, Dark Blue, 14 7/8"" X 11""",26.9,5,0.0,13.181,3.06,Medium,4,1,Medium
45989,CA-2012-2740,2012-10-02,2012-10-07,Standard Class,NF-8475,Neil Französisch,Home Office,Calgary,Alberta,Canada,,Canada,Canada,FUR-SAF-10003540,Furniture,Bookcases,"Safco Floating Shelf Set, Metal",196.2,1,0.0,58.86,3.06,Medium,5,1,Medium
3555,US-2012-121230,2012-10-06,2012-10-12,Standard Class,GW-14605,Giulietta Weimer,Consumer,Tegucigalpa,Francisco Morazán,Honduras,,LATAM,Central,FUR-CH-10001262,Furniture,Chairs,"Novimex Bag Chairs, Red",36.768,2,0.4,-18.392,3.05,Medium,6,5,Medium
34517,US-2012-137008,2012-10-02,2012-10-08,Standard Class,JP-15460,Jennifer Patt,Corporate,Lakewood,New Jersey,United States,8701.0,US,East,OFF-EN-10002500,Office Supplies,Envelopes,Globe Weis Peel & Seel First Class Envelopes,51.12,4,0.0,23.004,2.98,Medium,6,1,Medium
32079,US-2012-157014,2012-10-03,2012-10-06,Second Class,BM-11785,Bryan Mills,Consumer,Columbus,Ohio,United States,43229.0,US,East,TEC-AC-10002167,Technology,Accessories,Imation 8gb Micro Traveldrive Usb 2.0 Flash Drive,24.0,2,0.2,-2.7,2.94,Medium,3,2,Fast
18205,IT-2012-5084286,2012-10-06,2012-10-10,Standard Class,JH-16180,Justin Hirsh,Consumer,Foggia,Apulia,Italy,,EU,South,OFF-BI-10001643,Office Supplies,Binders,"Acco Binder, Recycled",77.55,5,0.0,2.25,2.84,Medium,4,5,Medium
33339,CA-2012-104493,2012-10-02,2012-10-08,Standard Class,EB-13705,Ed Braxton,Corporate,San Diego,California,United States,92105.0,US,West,OFF-BI-10004817,Office Supplies,Binders,GBC Personal VeloBind Strips,57.504,6,0.2,20.1264,2.75,Medium,6,1,Medium
27082,ID-2012-69975,2012-10-02,2012-10-08,Standard Class,TC-21145,Theresa Coyne,Corporate,Jakarta,Jakarta,Indonesia,,APAC,Southeast Asia,OFF-AR-10002417,Office Supplies,Art,"Boston Sketch Pad, Water Color",37.7994,1,0.27,-8.3106,2.71,Medium,6,1,Medium
22653,IN-2012-74742,2012-10-06,2012-10-11,Standard Class,OT-18730,Olvera Toch,Consumer,Kathmandu,Central,Nepal,,APAC,Central Asia,OFF-SU-10000954,Office Supplies,Supplies,"Acme Scissors, High Speed",76.32,3,0.0,23.58,2.62,Medium,5,5,Medium
7255,MX-2012-150476,2012-10-01,2012-10-05,Standard Class,BT-11440,Bobby Trafton,Consumer,León,Guanajuato,Mexico,,LATAM,North,OFF-ST-10000496,Office Supplies,Storage,"Tenex Folders, Wire Frame",44.58,3,0.0,15.6,2.61,Medium,4,0,Medium
33425,CA-2012-134859,2012-10-04,2012-10-09,Standard Class,JK-16120,Julie Kriz,Home Office,Philadelphia,Pennsylvania,United States,19134.0,US,East,OFF-PA-10001293,Office Supplies,Paper,Xerox 1946,20.736,4,0.2,7.2576,2.6,High,5,3,Medium
12618,IT-2012-5301604,2012-10-01,2012-10-05,Standard Class,AO-10810,Anthony O'Donnell,Corporate,Cagliari,Sardinia,Italy,,EU,South,OFF-BI-10003058,Office Supplies,Binders,"Acco Binder Covers, Economy",66.6,5,0.0,27.3,2.59,Medium,4,0,Medium
14773,IT-2012-1777951,2012-10-03,2012-10-10,Standard Class,JB-15400,Jennifer Braxton,Corporate,Trier,Rhineland-Palatinate,Germany,,EU,Central,FUR-FU-10000295,Furniture,Furnishings,"Advantus Light Bulb, Black",40.14,2,0.0,18.84,2.58,Medium,7,2,Medium
34518,US-2012-137008,2012-10-02,2012-10-08,Standard Class,JP-15460,Jennifer Patt,Corporate,Lakewood,New Jersey,United States,8701.0,US,East,TEC-AC-10000892,Technology,Accessories,NETGEAR N750 Dual Band Wi-Fi Gigabit Router,90.0,1,0.0,32.4,2.58,Medium,6,1,Medium
8498,US-2012-153836,2012-10-02,2012-10-06,Standard Class,JW-15955,Joni Wasserman,Consumer,San Pedro de Macorís,San Pedro de Macorís,Dominican Republic,,LATAM,Caribbean,FUR-FU-10001480,Furniture,Furnishings,"Advantus Door Stop, Black",30.02,2,0.5,-10.22,2.57,Medium,4,1,Medium
32081,US-2012-157014,2012-10-03,2012-10-06,Second Class,BM-11785,Bryan Mills,Consumer,Columbus,Ohio,United States,43229.0,US,East,TEC-AC-10000057,Technology,Accessories,Microsoft Natural Ergonomic Keyboard 4000,47.984,2,0.2,0.5998,2.55,Medium,3,2,Fast
19031,ES-2012-3631542,2012-10-04,2012-10-10,Standard Class,RD-19480,Rick Duston,Consumer,Marseille,Provence-Alpes-Côte d'Azur,France,,EU,Central,OFF-EN-10000274,Office Supplies,Envelopes,"Kraft Business Envelopes, Recycled",76.2,5,0.0,22.8,2.46,Medium,6,3,Medium
4455,MX-2012-134117,2012-10-04,2012-10-09,Second Class,EN-13780,Edward Nazzal,Consumer,Córdoba,Veracruz,Mexico,,LATAM,North,OFF-AR-10000185,Office Supplies,Art,"Stanley Pens, Water Color",26.46,3,0.0,0.48,2.4,Medium,5,3,Medium
23738,IN-2012-25371,2012-10-06,2012-10-10,Standard Class,HH-15010,Hilary Holden,Corporate,Tokyo,Tokyo,Japan,,APAC,North Asia,OFF-LA-10002180,Office Supplies,Labels,"Hon Color Coded Labels, 5000 Label Set",79.2,6,0.0,25.2,2.38,Medium,4,5,Medium
47845,TU-2012-3230,2012-10-04,2012-10-11,Standard Class,NF-8475,Neil Französisch,Home Office,Izmir,Izmir,Turkey,,EMEA,EMEA,OFF-STI-10001136,Office Supplies,Supplies,"Stiletto Letter Opener, Easy Grip",24.0,2,0.6,-24.6,2.32,Low,7,3,Medium
6567,MX-2012-126326,2012-10-03,2012-10-05,Second Class,RF-19840,Roy Französisch,Consumer,La Ceiba,Atlántida,Honduras,,LATAM,Central,OFF-ST-10000496,Office Supplies,Storage,"Tenex Folders, Wire Frame",17.832,2,0.4,-1.488,2.25,High,2,2,Fast
5433,MX-2012-116134,2012-10-03,2012-10-08,Standard Class,CM-12655,Corinna Mitchell,Home Office,Matanzas,Matanzas,Cuba,,LATAM,Caribbean,OFF-AP-10002223,Office Supplies,Appliances,"Cuisinart Coffee Grinder, Red",77.22,3,0.0,19.26,2.25,Medium,5,2,Medium
32078,US-2012-157014,2012-10-03,2012-10-06,Second Class,BM-11785,Bryan Mills,Consumer,Columbus,Ohio,United States,43229.0,US,East,OFF-BI-10001098,Office Supplies,Binders,Acco D-Ring Binder w/DublLock,32.07,5,0.7,-22.449,2.22,Medium,3,2,Fast
21148,ID-2012-51369,2012-10-06,2012-10-11,Standard Class,SZ-20035,Sam Zeldin,Home Office,Caloocan,National Capital,Philippines,,APAC,Southeast Asia,OFF-PA-10000694,Office Supplies,Paper,"Green Bar Message Books, Premium",26.169,2,0.45,-6.231,2.17,High,5,5,Medium
25479,IN-2012-40253,2012-10-05,2012-10-10,Standard Class,CC-12475,Cindy Chapman,Consumer,Hobart,Tasmania,Australia,,APAC,Oceania,FUR-CH-10003336,Furniture,Chairs,"SAFCO Chairmat, Adjustable",74.772,2,0.4,-29.928,2.16,Medium,5,4,Medium
9510,MX-2012-108924,2012-10-06,2012-10-10,Standard Class,TH-21100,Thea Hendricks,Consumer,Soyapango,San Salvador,El Salvador,,LATAM,Central,OFF-BI-10001248,Office Supplies,Binders,"Avery Binder, Economy",34.4,4,0.0,2.4,2.09,Medium,4,5,Medium
8011,MX-2012-148362,2012-10-01,2012-10-05,Standard Class,GR-14560,Georgia Rosenberg,Corporate,Mexico City,Distrito Federal,Mexico,,LATAM,North,OFF-FA-10000713,Office Supplies,Fasteners,"Stockwell Clamps, 12 Pack",37.32,3,0.0,4.8,2.03,High,4,0,Medium
45535,TU-2012-8280,2012-10-04,2012-10-09,Standard Class,JS-5595,Jill Stevenson,Corporate,Istanbul,Istanbul,Turkey,,EMEA,EMEA,TEC-APP-10001340,Technology,Phones,"Apple Headset, VoIP",29.34,1,0.6,-33.75,2.03,Medium,5,3,Medium
3911,US-2012-106600,2012-10-02,2012-10-07,Standard Class,AS-10285,Alejandro Savely,Corporate,Panama City,Panama,Panama,,LATAM,Central,FUR-CH-10004652,Furniture,Chairs,"Hon Bag Chairs, Black",34.176,2,0.4,-8.544,2.02,Medium,5,1,Medium
45536,TU-2012-8280,2012-10-04,2012-10-09,Standard Class,JS-5595,Jill Stevenson,Corporate,Istanbul,Istanbul,Turkey,,EMEA,EMEA,OFF-WIL-10000146,Office Supplies,Binders,"Wilson Jones Binding Machine, Clear",38.736,2,0.6,-29.064,1.95,Medium,5,3,Medium
27083,ID-2012-69975,2012-10-02,2012-10-08,Standard Class,TC-21145,Theresa Coyne,Corporate,Jakarta,Jakarta,Indonesia,,APAC,Southeast Asia,OFF-FA-10001925,Office Supplies,Fasteners,"Advantus Staples, 12 Pack",27.2685,5,0.47,-11.4315,1.9,Medium,6,1,Medium
25478,IN-2012-40253,2012-10-05,2012-10-10,Standard Class,CC-12475,Cindy Chapman,Consumer,Hobart,Tasmania,Australia,,APAC,Oceania,OFF-FA-10004739,Office Supplies,Fasteners,"Accos Rubber Bands, Bulk Pack",30.024,3,0.4,0.954,1.86,Medium,5,4,Medium
28633,IN-2012-11812,2012-10-05,2012-10-09,Standard Class,AD-10180,Alan Dominguez,Home Office,Perth,Western Australia,Australia,,APAC,Oceania,OFF-FA-10001082,Office Supplies,Fasteners,"OIC Staples, Assorted Sizes",15.822,2,0.1,-1.458,1.76,Medium,4,4,Medium
32080,US-2012-157014,2012-10-03,2012-10-06,Second Class,BM-11785,Bryan Mills,Consumer,Columbus,Ohio,United States,43229.0,US,East,FUR-BO-10004409,Furniture,Bookcases,"Safco Value Mate Series Steel Bookcases, Baked Enamel Finish on Steel, Gray",35.49,1,0.5,-15.6156,1.64,Medium,3,2,Fast
32225,CA-2012-115091,2012-10-05,2012-10-09,Standard Class,JJ-15760,Joel Jenkins,Home Office,Springfield,Virginia,United States,22153.0,US,South,OFF-AP-10000696,Office Supplies,Appliances,Holmes Odor Grabber,28.84,2,0.0,9.5172,1.64,Medium,4,4,Medium
6566,MX-2012-126326,2012-10-03,2012-10-05,Second Class,RF-19840,Roy Französisch,Consumer,La Ceiba,Atlántida,Honduras,,LATAM,Central,OFF-LA-10000345,Office Supplies,Labels,"Avery File Folder Labels, Laser Printer Compatible",18.24,5,0.4,0.24,1.55,High,2,2,Fast
37565,CA-2012-115392,2012-10-01,2012-10-04,Second Class,RM-19675,Robert Marley,Home Office,Cambridge,Massachusetts,United States,2138.0,US,East,OFF-BI-10000829,Office Supplies,Binders,Avery Non-Stick Binders,22.45,5,0.0,10.327,1.35,Medium,3,0,Fast
24967,IN-2012-77430,2012-10-01,2012-10-06,Standard Class,TH-21115,Thea Hudgings,Corporate,Bunbury,Western Australia,Australia,,APAC,Oceania,OFF-BI-10004454,Office Supplies,Binders,"Cardinal Binder Covers, Clear",10.314,1,0.1,3.894,1.3,High,5,0,Medium
24927,IN-2012-24867,2012-10-06,2012-10-10,Second Class,PB-19210,Phillip Breyer,Corporate,Depok,Jawa Barat,Indonesia,,APAC,Southeast Asia,OFF-BI-10002684,Office Supplies,Binders,"Avery Hole Reinforcements, Clear",16.0605,5,0.17,5.8605,1.29,Medium,4,5,Medium
39723,CA-2012-128356,2012-10-02,2012-10-07,Standard Class,RP-19390,Resi Pölking,Consumer,Thornton,Colorado,United States,80229.0,US,West,OFF-SU-10004290,Office Supplies,Supplies,"Acme Design Line 8"" Stainless Steel Bent Scissors w/Champagne Handles, 3-1/8"" Cut",10.944,2,0.2,0.9576,1.19,Medium,5,1,Medium
21694,ID-2012-64655,2012-10-05,2012-10-11,Standard Class,TC-21535,Tracy Collins,Home Office,Bangkok,Bangkok,Thailand,,APAC,Southeast Asia,OFF-EN-10004486,Office Supplies,Envelopes,"GlobeWeis Business Envelopes, Security-Tint",20.9244,2,0.47,-14.2356,1.13,Medium,6,4,Medium
28632,IN-2012-11812,2012-10-05,2012-10-09,Standard Class,AD-10180,Alan Dominguez,Home Office,Perth,Western Australia,Australia,,APAC,Oceania,OFF-EN-10002007,Office Supplies,Envelopes,"Kraft Clasp Envelope, with clear poly window",22.572,2,0.1,1.452,1.08,Medium,4,4,Medium
9026,MX-2012-101854,2012-10-05,2012-10-09,Standard Class,BN-11515,Bradley Nguyen,Consumer,Santiago de Cuba,Santiago de Cuba,Cuba,,LATAM,Caribbean,OFF-AR-10002824,Office Supplies,Art,"Sanford Markers, Water Color",35.24,2,0.0,8.8,1.06,Medium,4,4,Medium
40039,US-2012-144771,2012-10-02,2012-10-04,First Class,CK-12205,Chloris Kastensmidt,Consumer,Hillsboro,Oregon,United States,97123.0,US,West,FUR-FU-10000629,Furniture,Furnishings,9-3/4 Diameter Round Wall Clock,11.032,1,0.2,3.0338,1.04,High,2,1,Fast
37926,CA-2012-125696,2012-10-02,2012-10-06,Standard Class,NP-18685,Nora Pelletier,Home Office,Wilson,North Carolina,United States,27893.0,US,South,OFF-BI-10001757,Office Supplies,Binders,Pressboard Hanging Data Binders for Unburst Sheets,7.38,5,0.7,-5.412,0.97,High,4,1,Medium
33218,CA-2012-125178,2012-10-03,2012-10-09,Standard Class,MZ-17515,Mary Zewe,Corporate,Reading,Pennsylvania,United States,19601.0,US,East,OFF-ST-10002562,Office Supplies,Storage,Staples,15.008,2,0.2,1.5008,0.89,Medium,6,2,Medium
22630,IN-2012-44509,2012-10-05,2012-10-07,Second Class,JW-15955,Joni Wasserman,Consumer,Sakai,Osaka,Japan,,APAC,North Asia,OFF-BI-10002329,Office Supplies,Binders,"Avery 3-Hole Punch, Durable",29.37,2,0.5,-0.03,0.88,High,2,4,Fast
23707,ID-2012-59041,2012-10-04,2012-10-09,Standard Class,CC-12370,Christopher Conant,Consumer,Mumbai,Maharashtra,India,,APAC,Central Asia,OFF-ST-10003528,Office Supplies,Storage,"Fellowes Folders, Wire Frame",12.735,1,0.5,-11.745,0.85,Medium,5,3,Medium
38249,CA-2012-129917,2012-10-02,2012-10-03,First Class,HM-14980,Henry MacAllister,Consumer,Los Angeles,California,United States,90008.0,US,West,OFF-BI-10001757,Office Supplies,Binders,Pressboard Hanging Data Binders for Unburst Sheets,11.808,3,0.2,4.1328,0.7,High,1,1,Fast
39485,CA-2012-140375,2012-10-02,2012-10-05,Second Class,SG-20470,Sheri Gordon,Consumer,Rockville,Maryland,United States,20852.0,US,East,OFF-PA-10001870,Office Supplies,Paper,Xerox 202,19.44,3,0.0,9.3312,0.62,Medium,3,1,Fast
39486,CA-2012-140375,2012-10-02,2012-10-05,Second Class,SG-20470,Sheri Gordon,Consumer,Rockville,Maryland,United States,20852.0,US,East,OFF-BI-10000320,Office Supplies,Binders,GBC Plastic Binding Combs,7.38,1,0.0,3.6162,0.6,Medium,3,1,Fast
45990,CA-2012-2740,2012-10-02,2012-10-07,Standard Class,NF-8475,Neil Französisch,Home Office,Calgary,Alberta,Canada,,Canada,Canada,OFF-ACC-10000798,Office Supplies,Binders,"Acco Hole Reinforcements, Economy",6.66,1,0.0,0.57,0.6,Medium,5,1,Medium
5321,MX-2012-117870,2012-10-03,2012-10-08,Standard Class,TB-21175,Thomas Boland,Corporate,Penedo,Alagoas,Brazil,,LATAM,South,OFF-BI-10003400,Office Supplies,Binders,"Cardinal Binder Covers, Economy",16.0,2,0.0,2.56,0.56,Medium,5,2,Medium
44847,TU-2012-6180,2012-10-05,2012-10-09,Second Class,BS-1755,Bruce Stewart,Consumer,Aydin,Aydin,Turkey,,EMEA,EMEA,OFF-NOV-10000808,Office Supplies,Labels,"Novimex Round Labels, Adjustable",3.336,2,0.6,-2.724,0.53,High,4,4,Medium
8220,MX-2012-158988,2012-10-06,2012-10-07,Same Day,JH-15985,Joseph Holt,Consumer,Buenos Aires,Buenos Aires,Argentina,,LATAM,South,FUR-FU-10004888,Furniture,Furnishings,"Tenex Stacking Tray, Erganomic",8.904,1,0.4,-2.096,0.48,High,1,5,Fast
29696,IN-2012-23089,2012-10-01,2012-10-08,Standard Class,XP-21865,Xylona Preis,Consumer,Shanwei,Guangdong,China,,APAC,North Asia,OFF-LA-10000707,Office Supplies,Labels,"Avery Removable Labels, Adjustable",8.64,1,0.0,0.24,0.4,Medium,7,0,Medium
44298,MO-2012-7870,2012-10-05,2012-10-09,Standard Class,JK-5625,Jim Karlsson,Consumer,Agadir,Souss-Massa-Draâ,Morocco,,Africa,Africa,OFF-CAR-10001428,Office Supplies,Binders,"Cardinal Index Tab, Durable",7.62,1,0.0,3.42,0.35,Medium,4,4,Medium
9022,MX-2012-101854,2012-10-05,2012-10-09,Standard Class,BN-11515,Bradley Nguyen,Consumer,Santiago de Cuba,Santiago de Cuba,Cuba,,LATAM,Caribbean,OFF-LA-10000276,Office Supplies,Labels,"Smead File Folder Labels, 5000 Label Set",6.18,1,0.0,1.9,0.29,Medium,4,4,Medium
50427,TX-2012-1950,2012-10-02,2012-10-04,Second Class,RW-9690,Robert Waldorf,Consumer,Ashgabat,Ashgabat,Turkmenistan,,EMEA,EMEA,OFF-XER-10001429,Office Supplies,Paper,"Xerox Parchment Paper, Recycled",3.951,1,0.7,-3.309,0.22,Medium,2,1,Fast
45537,TU-2012-8280,2012-10-04,2012-10-09,Standard Class,JS-5595,Jill Stevenson,Corporate,Istanbul,Istanbul,Turkey,,EMEA,EMEA,OFF-STA-10002654,Office Supplies,Art,"Stanley Pencil Sharpener, Fluorescent",9.912,1,0.6,-6.948,0.21,Medium,5,3,Medium
40331,CA-2012-148873,2012-10-01,2012-10-05,Standard Class,EM-13960,Eric Murdock,Consumer,Quincy,Illinois,United States,62301.0,US,Central,OFF-BI-10003196,Office Supplies,Binders,Accohide Poly Flexible Ring Binders,2.992,4,0.8,-4.488,0.2,High,4,0,Medium
